"Fund Screening European","","","","","","","","","","","","","","","","","","","","","","","","",""
"Currency: Base Currency","","","","","","","","","","","","","","","","","","","","","","","","",""
"Grouped by: IA Sector","","","","","","","","","","","","","","","","","","","","","","","","",""
"Calculated on: 23/03/2023 13:12:05","","","","","","","","","","","","","","","","","","","","","","","","",""
"Exported on: 23/03/2023 13:20:24","","","","","","","","","","","","","","","","","","","","","","","","",""
"","","","","","","","","","","","","","","","","","","","","","","","","",""
"","","","","","","","","","","","","","","","","","","","","","","","","",""
"","","","","","Equity Style Box (Long)","","","","","","","","","","","","01/03/2018","","01/03/2020","","01/03/2022","","","",""
"","","","","","","","","","","","","","","","","","28/02/2023","","28/02/2023","","28/02/2023","","","",""
"Group/Investment","ISIN","IA Sector","Average Market Cap (mil) (Long)","Value-Growth Score (Long)","Equity Style Box (Long) 03/2022","Equity Style Box (Long) 04/2022","Equity Style Box (Long) 05/2022","Equity Style Box (Long) 06/2022","Equity Style Box (Long) 07/2022","Equity Style Box (Long) 08/2022","Equity Style Box (Long) 09/2022","Equity Style Box (Long) 10/2022","Equity Style Box (Long) 11/2022","Equity Style Box (Long) 12/2022","Equity Style Box (Long) 01/2023","Equity Style Box (Long) 02/2023","Up Capture Ratio","Down Capture Ratio","Up Capture Ratio","Down Capture Ratio","Up Capture Ratio","Down Capture Ratio","","",""
"","","","","","","","","","","","","","","","","","","","","","","","","",""
"Unclassified","","","","","","","","","","","","","","","","","","","","","","","","",""
"BGF Continental Eurp Flex D2","LU0406496546","","49027.489500","244.258000","Large Growth","Large Growth","Large Growth","Large Growth","Large Growth","Large Growth","Large Growth","Large Growth","Large Growth","Large Growth","Large Growth","Large Growth","117.998012","106.440824","122.203080","113.419645","135.864596","140.489587","","",""
"Digital Stars Continental Europe Acc1","LU1731919871","","6166.545280","173.499000","Mid Blend","Mid Blend","Mid Blend","Mid Blend","Mid Blend","Mid Blend","Mid Growth","Mid Growth","Mid Growth","Mid Growth","Mid Blend","","111.545778","115.279017","119.262883","117.740719","104.822703","142.114437","","",""
"Invesco Cnttl Eur Sm Cp Eq Z EUR Acc","LU1775962647","","1819.533370","171.518000","Small Growth","Small Blend","Small Blend","Small Growth","Small Blend","Small Blend","Small Blend","Small Blend","Small Blend","Small Blend","Small Blend","Small Blend","108.047895","110.873188","112.339455","103.997386","101.821516","89.364436","","",""
"Memnon European R EUR Acc","LU0578134230","","27155.042810","90.098000","Large Blend","Large Blend","Large Blend","Large Blend","Large Value","Large Blend","Large Value","Large Blend","Large Value","","","","106.715645","98.123601","104.088430","87.282907","125.598745","93.938110","","",""
"Blackrock ACS Contntl Eurp Eq Tracker X1","GB00BYQLTD03","","42764.501580","146.085000","Large Blend","Large Blend","Large Blend","Large Blend","Large Blend","Large Blend","Large Blend","Large Blend","Large Blend","Large Blend","Large Blend","Large Blend","106.620931","105.407711","107.313569","106.958514","117.533120","113.640962","","",""
"AI Continental Eurp Eq Idx Insrd Pen Acc","GB00BD39DS33","","41526.961690","153.627000","Large Blend","Large Blend","Large Blend","Large Blend","Large Blend","Large Blend","Large Blend","Large Blend","Large Blend","Large Blend","Large Blend","Large Blend","105.619645","104.695891","106.364827","105.426396","116.475896","109.423227","","",""
"AI Dev Eurp ex UK Eq Idx UK Instl Acc","GB00BDZZFG12","","43095.912460","152.355000","Large Blend","Large Blend","Large Blend","Large Blend","Large Blend","Large Blend","Large Blend","Large Blend","Large Blend","Large Blend","Large Blend","Large Blend","104.674741","104.251652","105.623118","105.049827","115.722686","111.640483","","",""
"Monument International Europe","GB0000189281","","32355.985190","206.985000","","","","","","","","","","","","","103.834116","101.587527","106.971271","107.281995","119.858068","122.314972","","",""
"Invesco Continental Eur Eq Z EUR Gr AD","LU1775949388","","40351.998170","85.552000","Large Value","Large Value","Large Value","Large Value","Large Value","Large Value","Large Value","Large Value","Large Value","Large Value","Large Value","Large Value","103.119528","105.403101","108.248813","89.657591","104.339265","73.877733","","",""
"Vanguard FTSE Dev Euro exUK Com Cntrl B£","IE00BYMSW692","","42776.817170","151.822000","Large Blend","Large Blend","Large Blend","Large Blend","Large Blend","Large Blend","Large Blend","Large Blend","Large Blend","Large Blend","Large Blend","Large Blend","102.930789","102.306863","102.879407","99.983928","111.666483","109.231066","","",""
"L&G Europe ex UK Equity Index N EUR Acc","IE00BD6FWY77","","53244.028810","149.741000","","Large Blend","Large Blend","Large Blend","Large Blend","Large Blend","Large Blend","","Large Blend","Large Blend","Large Blend","Large Blend","101.401288","99.941510","101.727613","100.548985","101.037525","99.095845","","",""
"iShares Europe ex-UK Idx (IE) Instl Acc€","IE00B1W56P62","","","","Large Blend","Large Blend","Large Blend","Large Blend","","Large Blend","Large Blend","Large Blend","","Large Blend","","","101.037687","99.379437","100.382458","98.988677","95.674332","93.809335","","",""
"AI Europe Eq EX UK UK Corp Inc","GB00BTF89N78","","24627.346720","176.127000","Large Blend","Large Blend","Large Blend","Large Blend","Large Blend","Large Blend","Large Blend","Large Blend","Large Blend","Large Blend","Large Blend","Large Blend","100.150387","111.612797","100.938619","107.907005","101.742732","127.244072","","",""
"Janus HndrsnContinen Eurp H2 USD","LU1276832398","","54303.045800","148.391000","Large Blend","Large Blend","Large Blend","Large Blend","Large Blend","Large Blend","Large Blend","Large Blend","Large Blend","Large Blend","Large Blend","Large Blend","99.944824","94.074799","101.529050","94.172610","103.567198","95.857134","","",""
"SEI GMF Eurp Ex-UK Eq USD Instl+ H Acc","IE00B040M092","","18019.700500","110.448000","Large Value","Large Value","Large Value","Large Value","Large Value","Large Value","Large Value","Large Value","Large Value","Large Value","Large Blend","Large Blend","99.123042","108.887301","101.984987","103.811287","101.601440","101.380261","","",""
"Threadneedle (Lux) European Select ZE","LU2388371978","","52625.835910","241.693000","Large Growth","Large Growth","Large Growth","Large Growth","Large Growth","Large Growth","Large Growth","Large Growth","Large Growth","Large Growth","Large Growth","Large Growth","97.884445","95.730221","101.912829","108.644871","118.824633","130.456082","","",""
"St James's Place Continental Europe Acc","GB00B249JZ41","","12690.737580","216.715000","","","","","","","","","","","","","96.457612","103.368515","93.466822","95.250038","101.618085","94.834911","","",""
"Alken Sustainable Europe SGB1","LU1696658696","","4435.520450","52.278000","","","","","","Mid Value","","","","","","","95.650412","94.221347","98.215876","76.544732","127.292164","60.008193","","",""
"Janus Henderson Hrzn European Gr H1 EUR","LU0976556695","","27834.739700","183.158000","Large Blend","Large Blend","Large Blend","Large Blend","Large Blend","Large Blend","Large Blend","Large Blend","Large Blend","Large Blend","Large Blend","Large Blend","95.560896","98.433870","99.110754","92.985491","104.814851","90.927112","","",""
"Threadneedle (Lux) Eur Smlr Com 2E EUR","LU1865158890","","5007.472410","255.644000","Mid Growth","Mid Growth","Mid Growth","Mid Growth","Mid Growth","Mid Growth","Mid Growth","Mid Growth","Mid Growth","Mid Growth","Mid Growth","Mid Growth","94.213379","97.701211","90.969383","101.396033","95.013204","103.741219","","",""
"CRUX (Lux) European Special Sits £ A Acc","LU1598676846","","21280.856780","140.834000","Large Blend","Large Blend","Large Blend","Large Blend","Large Blend","Large Blend","Large Blend","Large Blend","Large Blend","Large Blend","Large Blend","","92.444210","111.389988","95.906608","114.623227","99.612489","105.739709","","",""
"LO Funds Cont Europe S&M Ldrs EUR MA","LU0866421158","","4586.483130","221.414000","","Mid Growth","","Mid Growth","Mid Growth","Mid Growth","Mid Growth","Mid Growth","Mid Growth","Mid Growth","Mid Growth","","87.672925","96.860613","84.284902","100.188525","79.034879","94.604434","","",""
"AB Europe Ex UK Eq I EUR","LU2106584597","","26209.315940","96.224000","Large Blend","Large Blend","Large Blend","Large Value","Large Value","Large Value","","","","","","","","","","","","","","",""
"AI Europe Eq Ex UK Core FoF Acc","GB00BMTWF053","","39180.394430","155.889000","","","","","","","","","Large Blend","Large Blend","Large Blend","Large Blend","","","","","","","","",""
"Berenberg Europe ex UK Focus F GBP A","LU2346245801","","18424.488300","279.085000","Large Growth","Large Growth","Large Growth","Large Growth","Large Growth","Large Growth","Large Growth","Large Growth","Large Growth","","","","","","","","115.897806","191.056294","","",""
"BGF Continental Eurp Flex D2 GBP Hdg","LU0827876235","","49027.489500","244.258000","Large Growth","Large Growth","Large Growth","Large Growth","Large Growth","Large Growth","Large Growth","Large Growth","Large Growth","Large Growth","Large Growth","Large Growth","","","","","","","","",""
"BlackRock Advtg Eurp ex UK Eq D EUR Acc","IE00BFZP7G97","","44528.522870","163.095000","Large Blend","Large Blend","Large Blend","Large Blend","Large Blend","Large Blend","Large Blend","Large Blend","Large Blend","Large Blend","Large Blend","Large Blend","","","104.617423","96.096506","107.894959","93.846775","","",""
"BlackRock Advtg Eurp ex UK Eq D GBPH Acc","IE00BG1DFF97","","44528.522870","163.095000","Large Blend","Large Blend","Large Blend","Large Blend","Large Blend","Large Blend","Large Blend","Large Blend","Large Blend","Large Blend","Large Blend","Large Blend","","","","","","","","",""
"BlkRk ACS Eurp ex UK ESG Insgts Eq X1 FA","GB00BM9KLR88","","40816.375400","139.848000","","","","","","","","","Large Blend","Large Blend","Large Blend","Large Blend","","","","","","","","",""
"DNCA European Sel Eq H-Q/A GBP Acc","GB00BYYH8J94","","18707.190540","53.484000","","","","","","","","","","","","","","","","","","","","",""
"Fidelity Europe ex UK Equity Feeder Acc","GB00BKS6CB48","","","","","","","","","","","","","","","","","","104.352551","98.657602","99.267019","87.307576","","",""
"Invesco Cnttl Eur Sm Cp Eq C USDH Acc","LU1775961839","","1819.533370","171.518000","Small Growth","Small Blend","Small Blend","Small Growth","Small Blend","Small Blend","Small Blend","Small Blend","Small Blend","Small Blend","Small Blend","Small Blend","","","","","","","","",""
"iShares Contnn Eurp Eq ESG Idx (UK) DAcc","GB00BN08ZZ41","","39114.641360","136.944000","","","","Large Blend","Large Blend","Large Blend","Large Blend","Large Blend","Large Blend","Large Blend","","","","","","","115.464212","115.429555","","",""
"iShares Europe ex-UK Idx (IE) Flex Acc€H","IE00BJLMKK76","","","","Large Blend","Large Blend","Large Blend","Large Blend","","Large Blend","Large Blend","Large Blend","","Large Blend","","","","","","","","","","",""
"Janus Henderson Hrzn European Gr R1 HUSD","LU0506436111","","27834.739700","183.158000","Large Blend","Large Blend","Large Blend","Large Blend","Large Blend","Large Blend","Large Blend","Large Blend","Large Blend","Large Blend","Large Blend","Large Blend","","","","","","","","",""
"Janus HndrsnContinen Eurp H2 HUSD","LU1276832471","","54303.045800","148.391000","Large Blend","Large Blend","Large Blend","Large Blend","Large Blend","Large Blend","Large Blend","Large Blend","Large Blend","Large Blend","Large Blend","Large Blend","","","","","","","","",""
"LO Funds Cont Europe S&M Ldrs SH USD MA","LU1336953622","","4586.483130","221.414000","","Mid Growth","","Mid Growth","Mid Growth","Mid Growth","Mid Growth","Mid Growth","Mid Growth","Mid Growth","Mid Growth","","","","","","","","","",""
"Memnon European R USD Acc","LU0578134313","","27155.042810","90.098000","Large Blend","Large Blend","Large Blend","Large Blend","Large Value","Large Blend","Large Value","Large Blend","Large Value","","","","","","","","","","","",""
"MI Quilter Cheviot European Equity A Inc","GB00BMT7QP23","","63157.506440","167.965000","Large Blend","Large Blend","Large Blend","Large Blend","Large Blend","Large Blend","Large Blend","Large Blend","Large Blend","Large Blend","Large Blend","Large Blend","","","","","119.263708","120.646958","","",""
"New Capital Europe Ftr Ldrs N USD Acc","IE00BK5H1358","","29326.109180","291.875000","Large Growth","Large Growth","Large Growth","Large Growth","Large Growth","Large Growth","Large Growth","Large Growth","Large Growth","Large Growth","Large Growth","Large Growth","","","","","","","","",""
"New Capital Europe Future Ldrs O EUR Acc","IE00BK5H0R25","","29326.109180","291.875000","Large Growth","Large Growth","Large Growth","Large Growth","Large Growth","Large Growth","Large Growth","Large Growth","Large Growth","Large Growth","Large Growth","Large Growth","","","98.807769","121.814177","105.255678","150.604121","","",""
"NFU Mutual Dev Europe (ex UK) Eq Core I","GB00BKM04F05","","","","","","","","","","","","","","","","","","","","97.828874","90.475203","","",""
"Northern Trust Europe Ex-UK Eq Idx B GBP","IE00B5N6WK38","","44418.978250","124.506000","","","","","","","","","","","","","","","","","","","","",""
"Omnis European Equity Leaders A Inc","GB00BJRD8887","","55796.118050","205.142000","Large Blend","Large Blend","Large Blend","Large Blend","Large Growth","Large Growth","","Large Growth","Large Growth","","","","","","102.194475","90.019076","104.459094","75.572185","","",""
"Omnis European Equity Opps A Inc","GB00BJRD8994","","10523.844340","180.145000","Mid Blend","Mid Blend","Mid Blend","Mid Blend","Mid Blend","Mid Blend","","Mid Blend","Mid Blend","","","","","","91.966542","89.940367","96.448033","84.907616","","",""
"SPW MM European ex UK Equity Q GBP Acc","GB00BMC5R164","","31621.267420","143.338000","Large Blend","Large Blend","Large Blend","Large Value","Large Blend","Large Blend","Large Blend","Large Blend","Large Blend","Large Blend","Large Blend","Large Blend","","","","","127.770817","118.460473","","",""
"Threadneedle (Lux) Eur Smlr Com 3FH CHF","LU1864953069","","5007.472410","255.644000","Mid Growth","Mid Growth","Mid Growth","Mid Growth","Mid Growth","Mid Growth","Mid Growth","Mid Growth","Mid Growth","Mid Growth","Mid Growth","Mid Growth","","","","","","","","",""
"Threadneedle (Lux) European Select ZGH","LU0815285605","","52625.835910","241.693000","Large Growth","Large Growth","Large Growth","Large Growth","Large Growth","Large Growth","Large Growth","Large Growth","Large Growth","Large Growth","Large Growth","Large Growth","","","","","","","","",""
"TM Euro Select A Acc","GB00BNY7Y722","","14336.166820","64.208000","","","","","","","","","","","","","","","","","","","","",""
"Visionfund - Europe Oppt A USD (H)","LU2050434971","","21046.253540","123.463000","Large Blend","Large Blend","Large Blend","Large Blend","Large Value","Large Blend","Large Value","Large Blend","Large Value","Large Blend","Large Blend","","","","","","","","","",""
"Visionfund - Europe Oppt I EUR","LU2050435861","","21046.253540","123.463000","Large Blend","Large Blend","Large Blend","Large Blend","Large Value","Large Blend","Large Value","Large Blend","Large Value","Large Blend","Large Blend","","","","100.047488","82.251192","119.721910","87.604900","","",""
"","","","","","","","","","","","","","","","","","","","","","","","","",""
"Europe Excluding UK","","","","","","","","","","","","","","","","","","","","","","","","",""
"Federated Hermes SustEurpexUKEqF2GBPHDis","IE00BBJNNF22","Europe Excluding UK","26907.635710","250.942000","Large Growth","Large Growth","Large Growth","Large Growth","Large Growth","Large Growth","Large Growth","Large Growth","Large Growth","Large Growth","Large Growth","","127.789406","125.935514","120.851509","128.912347","139.739078","187.021564","","",""
"BlackRock European Dynamic FA H Acc","GB00BWG05T10","Europe Excluding UK","42910.500480","244.238000","Large Growth","Large Growth","Large Growth","Large Growth","Large Growth","Large Growth","Large Growth","Large Growth","Large Growth","Large Growth","Large Growth","Large Growth","127.660803","116.040855","127.236010","130.454487","140.219059","178.185338","","",""
"BlackRock Continental Euro D Acc","GB00B4VY9893","Europe Excluding UK","43480.328910","277.210000","Large Growth","Large Growth","Large Growth","Large Growth","Large Growth","Large Growth","Large Growth","Large Growth","Large Growth","Large Growth","Large Growth","Large Growth","126.024778","103.344958","126.404072","115.228336","136.467398","163.805782","","",""
"IFSL Marlborough European Spec Sits PInc","GB00B90VHJ34","Europe Excluding UK","752.074250","112.523000","Small Blend","Small Blend","Small Blend","Small Blend","Small Blend","Small Blend","Small Blend","Small Blend","Small Blend","Small Blend","Small Blend","Small Blend","124.698415","112.001671","132.670848","118.148102","81.994210","113.017849","","",""
"Allianz Continental European C Acc","GB00B3Q8YX99","Europe Excluding UK","29915.965500","263.031000","Large Growth","Large Growth","Large Growth","Large Growth","Large Growth","Large Growth","Large Growth","Large Growth","Large Growth","Large Growth","Large Growth","","124.327158","124.344038","120.659259","136.805958","125.035406","189.754063","","",""
"BlackRock European Dynamic D Acc","GB00B5W2QB11","Europe Excluding UK","42910.500480","244.238000","Large Growth","Large Growth","Large Growth","Large Growth","Large Growth","Large Growth","Large Growth","Large Growth","Large Growth","Large Growth","Large Growth","Large Growth","122.282258","105.964208","122.537090","114.717461","128.461841","137.436917","","",""
"Liontrust European Dynamic I Inc","GB00B4ZM1M76","Europe Excluding UK","24083.720090","98.791000","Large Value","Large Value","Large Value","Large Value","Large Value","Large Value","Large Value","Large Value","Large Value","Large Value","Large Value","Large Value","122.104500","97.244629","121.137341","85.869701","115.505703","94.700291","","",""
"Baillie Gifford European B Acc","GB0006058258","Europe Excluding UK","13011.353830","251.956000","Large Growth","Large Growth","Mid Growth","Mid Growth","Large Growth","Mid Growth","Mid Growth","Mid Growth","Mid Growth","Mid Growth","Large Growth","","120.651409","132.510183","113.412903","140.458135","117.549496","200.523744","","",""
"Premier Miton European Opports B Acc","GB00BZ2K2M84","Europe Excluding UK","5309.323140","312.072000","Mid Growth","Mid Growth","Mid Growth","Mid Growth","Mid Growth","Mid Growth","Mid Growth","Mid Growth","Mid Growth","","Mid Growth","Mid Growth","118.934859","99.859050","112.895082","114.308559","105.739873","151.389378","","",""
"Federated Hermes SustEurpexUKEq F GBPAcc","IE00B59G6L68","Europe Excluding UK","26907.635710","250.942000","Large Growth","Large Growth","Large Growth","Large Growth","Large Growth","Large Growth","Large Growth","Large Growth","Large Growth","Large Growth","Large Growth","","118.506100","118.309813","113.196727","115.231404","124.776228","149.336059","","",""
"Comgest Growth Europe ex UK GBP SU H Acc","IE00BRTM4M55","Europe Excluding UK","46404.493010","281.554000","Large Growth","Large Growth","Large Growth","Large Growth","Large Growth","Large Growth","Large Growth","Large Growth","Large Growth","","","","117.037712","94.753275","108.662150","115.610389","105.531688","150.844547","","",""
"SVM Continental Europe Instl","GB0032094954","Europe Excluding UK","6996.541270","84.720000","Mid Blend","Mid Blend","Mid Blend","Mid Blend","Mid Blend","Mid Blend","Mid Value","Mid Blend","Mid Blend","Mid Blend","Mid Value","","116.547963","93.837014","125.094109","90.695585","90.873199","95.078227","","",""
"FTF Martin Currie Eurp Uncons W Acc £","GB00BP9LK978","Europe Excluding UK","33282.932920","261.942000","Large Growth","Large Growth","Large Growth","Large Growth","Large Growth","Large Growth","","Large Growth","Large Growth","Large Growth","Large Growth","Large Growth","115.118814","114.688485","110.192281","130.157121","117.582370","184.199152","","",""
"Quilter Inv Eurp (ex UK) Eq Gr U2 GBPAcc","GB00B98WPN88","Europe Excluding UK","30254.840750","255.624000","Large Growth","Large Growth","Large Growth","Large Growth","Large Growth","Large Growth","Large Growth","Large Growth","Large Growth","Large Growth","Large Growth","Large Growth","114.357120","111.799166","118.797090","134.918521","125.631358","187.493030","","",""
"Amundi MSCI EMU ESG Ldrs Sel RHG-C","LU0987205704","Europe Excluding UK","36092.856800","93.558000","Large Value","Large Value","Large Value","Large Value","Large Value","Large Value","Large Value","","","","","","111.551030","115.341369","108.258603","118.376390","114.870731","122.271911","","",""
"Man GLG Continental Eurp Gr PrfAcc£ H CH","GB00BYNRH370","Europe Excluding UK","59719.234840","274.560000","Large Growth","Large Growth","Large Growth","Large Growth","Large Growth","Large Growth","Large Growth","Large Growth","Large Growth","Large Growth","Large Growth","","110.405545","111.226735","101.899901","119.211438","108.615343","153.342446","","",""
"Schroder European Recovery Z Acc","GB0007221889","Europe Excluding UK","10509.435010","22.401000","Mid Value","Mid Value","Mid Value","Mid Value","Mid Value","Mid Value","Mid Value","Mid Value","Mid Value","Mid Value","Mid Value","Mid Value","109.761350","111.112930","114.675956","99.390782","135.310406","87.126994","","",""
"Russell Inv Continental Eurp Eq SH-I","IE00B1808D73","Europe Excluding UK","28843.703170","145.232000","Large Blend","Large Blend","Large Blend","Large Blend","Large Blend","Large Blend","Large Blend","Large Blend","","Large Blend","","Large Blend","108.905992","109.993369","107.361506","108.639549","99.064672","118.114979","","",""
"Schroder European Z Inc GBP Hedged","GB00B8FGLQ10","Europe Excluding UK","12378.763810","133.334000","Large Blend","Mid Blend","Mid Value","Mid Value","Mid Value","Mid Blend","Large Value","Mid Blend","Large Blend","Mid Blend","Mid Blend","Mid Blend","107.454987","115.724661","102.099399","113.683786","114.255609","138.193343","","",""
"Schroder European Sust Eq C Inc Hdg","GB00B8VX2T67","Europe Excluding UK","23564.341460","159.085000","Large Blend","Large Blend","Large Blend","Large Blend","Large Blend","Large Blend","Large Blend","Large Blend","Large Blend","Large Blend","Large Blend","Large Blend","107.285969","133.737305","97.996108","128.460292","104.703202","126.470233","","",""
"SVS Sanlam European Equity B","GB00B4LLXV18","Europe Excluding UK","29444.970090","233.452000","Large Growth","Large Growth","Large Growth","Large Growth","Large Growth","Large Growth","Large Growth","Large Growth","Large Growth","Large Growth","Large Growth","Large Growth","107.288476","117.748203","100.474339","109.443186","100.511038","118.618301","","",""
"Comgest Growth Europe ex UK GBP SU Acc","IE00BQ1YBM13","Europe Excluding UK","46404.493010","281.554000","Large Growth","Large Growth","Large Growth","Large Growth","Large Growth","Large Growth","Large Growth","Large Growth","Large Growth","","","","106.668125","82.887356","100.046409","99.117632","91.337174","110.287113","","",""
"MFS Meridian Continen Eurp Eq WH1 GBP","LU0583245823","Europe Excluding UK","55871.458200","193.673000","Large Blend","Large Blend","Large Blend","Large Blend","Large Blend","Large Growth","Large Growth","Large Growth","Large Blend","Large Blend","Large Blend","","106.613876","87.887837","103.311683","101.735896","99.745795","111.403625","","",""
"CT European Z Acc GBP","GB00B8C2LS47","Europe Excluding UK","64171.788520","178.405000","Large Blend","Large Blend","Large Blend","Large Blend","Large Growth","Large Growth","Large Blend","Large Blend","Large Blend","Large Blend","Large Blend","Large Blend","106.455746","93.152069","105.611994","98.733039","121.384801","113.958986","","",""
"Artemis European Sustainable Gr I HdgAcc","GB00B6WFCS60","Europe Excluding UK","24345.831450","259.144000","Large Growth","Large Growth","Large Growth","Large Growth","Large Growth","Large Growth","Large Growth","Large Growth","Large Growth","Large Growth","Large Growth","Large Growth","105.575071","119.326635","103.843422","127.679285","118.695411","146.419724","","",""
"Barings European Growth I GBP Inc","GB00B8DDXV30","Europe Excluding UK","48629.147740","157.477000","Large Blend","Large Blend","Large Blend","Large Blend","Large Blend","Large Blend","Large Blend","Large Blend","Large Blend","Large Blend","Large Blend","Large Blend","104.887585","116.775300","99.634195","99.110679","95.667455","96.212195","","",""
"Invesco European Equity UK Z Acc","GB00B8N44J10","Europe Excluding UK","37556.255710","82.617000","Large Value","Large Value","Large Value","Large Value","Large Value","Large Value","Large Value","Large Value","Large Value","Large Value","Large Value","Large Value","104.890944","111.080818","109.727336","100.911530","113.099378","78.288416","","",""
"Artemis SmartGARP European Eq I Acc GBP","GB00B2PLJD73","Europe Excluding UK","7902.147720","47.123000","Large Value","Mid Value","Mid Value","Mid Value","Mid Value","Mid Value","Mid Value","Mid Value","Mid Value","Mid Value","Mid Value","Mid Value","104.690972","119.359328","110.533936","110.537793","113.337516","73.929617","","",""
"Janus Henderson Instl Eurp Idx Opp I Acc","GB00B00K2V41","Europe Excluding UK","47323.329090","150.504000","Large Blend","Large Blend","Large Blend","Large Blend","Large Blend","Large Blend","Large Blend","Large Blend","Large Blend","Large Blend","Large Blend","Large Blend","104.472428","98.393051","105.611313","100.378387","119.038723","99.881634","","",""
"GAM Star Continental Eurp Eq Instl £ Acc","IE00B3CTFX38","Europe Excluding UK","48084.171810","192.752000","Large Growth","Large Growth","Large Growth","Large Blend","Large Blend","Large Blend","Large Growth","Large Growth","Large Blend","Large Blend","Large Blend","Large Blend","104.346604","102.146938","104.208639","96.585165","92.133812","98.002029","","",""
"Schroder European Alpha Plus £ Hdg A Acc","GB00B91MXQ43","Europe Excluding UK","11440.418560","198.741000","Mid Growth","Mid Growth","Mid Growth","Mid Growth","Mid Growth","Mid Blend","Mid Blend","Mid Blend","Mid Blend","Mid Blend","Mid Blend","Mid Blend","103.979947","138.700817","107.638526","136.647368","117.353601","164.690105","","",""
"abrdn Europe ex UK Ethical Equity P1 Acc","GB00B3N24788","Europe Excluding UK","16807.645940","233.429000","Large Growth","","Large Growth","Large Growth","Large Growth","Large Growth","Large Growth","Large Growth","Large Growth","Large Growth","Large Growth","Large Growth","103.623691","112.964954","103.247909","125.751061","96.232613","151.203888","","",""
"Quilter Inv Eurp (ex UK) Eq U2 (GBP) Acc","GB00B8L0QW80","Europe Excluding UK","44840.339990","151.226000","Large Blend","Large Blend","Large Blend","Large Blend","Large Blend","Large Blend","Large Blend","Large Blend","Large Blend","Large Blend","Large Blend","Large Blend","103.519081","91.957965","102.265499","92.418416","107.062831","89.752044","","",""
"LF Brook Continental European I Acc","GB00B4Z7BS85","Europe Excluding UK","21087.204750","22.667000","Large Value","Large Value","Large Value","Large Value","Large Value","Large Value","Large Value","Large Value","Large Value","","","","103.274318","72.540309","128.946472","84.729567","146.748257","74.127850","","",""
"JPM Europe (ex-UK) Sust Eq C Net Acc","GB00B235HP90","Europe Excluding UK","48768.617340","150.077000","Large Blend","Large Blend","Large Blend","Large Blend","Large Blend","Large Blend","Large Blend","Large Blend","Large Blend","Large Blend","Large Blend","Large Blend","103.042625","101.958567","106.394417","103.824498","104.039603","84.069710","","",""
"JPM Europe Dynamic (ex-UK) C Net Acc","GB00B845HL62","Europe Excluding UK","26270.759420","125.153000","Large Blend","Large Blend","Large Blend","Large Blend","Large Blend","Large Blend","Large Blend","Large Blend","Large Blend","Large Blend","Large Blend","Large Blend","103.013676","100.729949","104.480533","94.763063","94.052485","73.704698","","",""
"CT European Select Z Acc GBP","GB00B8BC5H23","Europe Excluding UK","46058.176770","241.941000","Large Growth","Large Growth","Large Growth","Large Growth","Large Growth","Large Growth","Large Growth","Large Growth","Large Growth","Large Growth","Large Growth","Large Growth","102.722869","95.239367","103.068616","108.854195","118.977528","131.096548","","",""
"JOHCM Continental European A GBP","IE0033009121","Europe Excluding UK","49976.772920","164.848000","Large Blend","Large Blend","Large Value","Large Value","Large Blend","Large Blend","Large Blend","Large Blend","Large Blend","Large Blend","Large Blend","Large Blend","102.471813","98.117542","106.006604","93.657361","101.739394","85.141710","","",""
"Man GLG Continental Eurp Gr Prf Acc C","GB00B0119487","Europe Excluding UK","59719.234840","274.560000","Large Growth","Large Growth","Large Growth","Large Growth","Large Growth","Large Growth","Large Growth","Large Growth","Large Growth","Large Growth","Large Growth","","102.163592","102.777363","95.366747","105.132730","94.073625","112.752674","","",""
"Royal London European Growth M Acc","GB00B52VBP79","Europe Excluding UK","56367.330380","158.740000","Large Blend","Large Blend","Large Blend","Large Blend","Large Blend","Large Blend","Large Blend","Large Blend","Large Blend","Large Blend","Large Blend","Large Blend","102.124770","97.243124","101.809215","96.549113","106.346833","94.141280","","",""
"AXAWF Fram Sust Eurozone F Cap EUR","LU0389657197","Europe Excluding UK","45290.403170","176.212000","Large Blend","Large Blend","Large Blend","Large Blend","Large Blend","Large Blend","Large Blend","Large Blend","Large Blend","Large Blend","Large Blend","","101.846383","109.407792","101.979653","106.115484","103.767079","96.767196","","",""
"L&G European Equity Income I Acc","GB00BF18C898","Europe Excluding UK","23173.560490","73.584000","Large Value","Large Value","Large Value","Large Value","Large Value","Large Value","Large Value","Large Value","Large Value","","Large Value","Large Value","101.794792","104.716610","103.081002","91.864832","103.378190","80.808910","","",""
"Scottish Widows Eurp Sel Gr A","GB0031610784","Europe Excluding UK","12390.978640","134.043000","Large Blend","Mid Blend","Mid Value","Mid Value","Mid Value","Large Blend","Large Value","Mid Blend","Large Blend","Mid Blend","Mid Blend","Mid Blend","101.670297","95.157333","91.517455","99.408828","87.732143","94.925062","","",""
"Janus Henderson European Focus I Acc","GB00B54J0L85","Europe Excluding UK","39647.219660","157.146000","Large Blend","Large Blend","Large Blend","Large Blend","Large Blend","Large Blend","Large Blend","Large Blend","Large Blend","Large Blend","Large Blend","Large Blend","101.262650","89.192453","101.618890","89.907488","105.393271","85.077608","","",""
"L&G Future Wld Sust Eurp Eq Foc IAcc","GB00B7J5FY33","Europe Excluding UK","14322.561930","264.676000","Large Growth","Large Growth","Large Growth","Mid Growth","Large Growth","Large Growth","Large Growth","Large Growth","Large Growth","","Large Growth","Large Growth","101.252605","127.565805","95.450531","119.688091","101.970126","162.329930","","",""
"CFP Castlefield Sustainable Eurp G Inc","GB00BF4VR355","Europe Excluding UK","9574.874650","222.190000","Mid Growth","Mid Growth","Mid Growth","Mid Growth","Mid Growth","Mid Growth","Mid Growth","Mid Growth","Mid Growth","","Mid Growth","Mid Growth","100.977043","102.317832","93.468645","107.661608","84.426058","122.352505","","",""
"iShares Continen Eurp Eq Idx (UK) D Acc","GB00B83MH186","Europe Excluding UK","41515.586090","153.570000","Large Blend","Large Blend","Large Blend","Large Blend","Large Blend","Large Blend","Large Blend","Large Blend","Large Blend","Large Blend","Large Blend","Large Blend","100.942881","97.005023","100.415331","99.237702","104.000247","96.955733","","",""
"Schroder European Z GBP Acc","GB00B76V8C37","Europe Excluding UK","12378.763810","133.334000","Large Blend","Mid Blend","Mid Value","Mid Value","Mid Value","Mid Blend","Large Value","Mid Blend","Large Blend","Mid Blend","Mid Blend","Mid Blend","100.893522","110.960991","96.638582","103.912424","101.569398","107.552824","","",""
"Liontrust Sust Fut Eurp Gr 2 Net Acc","GB0030029390","Europe Excluding UK","11122.921640","230.506000","Large Growth","Mid Growth","Mid Growth","Mid Growth","Mid Growth","Mid Growth","Mid Growth","Mid Growth","Mid Growth","Mid Growth","Mid Growth","Mid Growth","100.596779","113.721330","99.012341","131.216414","94.788387","174.507586","","",""
"abrdn European Equity Enhanced IdxBAcc","GB00BRJL7X45","Europe Excluding UK","45853.290110","137.714000","Large Blend","Large Blend","Large Blend","Large Value","Large Blend","Large Blend","Large Blend","Large Blend","Large Blend","Large Blend","Large Blend","Large Blend","100.555427","100.217320","99.259134","101.058470","101.957048","101.894298","","",""
"Royal London European Growth","GB0009537407","Europe Excluding UK","56041.370070","158.360000","Large Blend","Large Blend","Large Blend","Large Blend","Large Blend","Large Blend","Large Blend","Large Blend","Large Blend","Large Blend","Large Blend","Large Blend","100.452667","91.505698","99.875533","97.456749","104.911975","94.784781","","",""
"Fidelity Index Europe ex UK P Acc","GB00BHZK8B07","Europe Excluding UK","47617.225090","151.316000","Large Blend","Large Blend","Large Blend","Large Blend","Large Blend","Large Blend","Large Blend","Large Blend","Large Blend","Large Blend","Large Blend","Large Blend","100.259135","95.689259","99.314197","98.126038","104.215829","96.790390","","",""
"HSBC European Index Accumulation C","GB00B80QGH28","Europe Excluding UK","43262.573980","152.323000","Large Blend","Large Blend","Large Blend","Large Blend","Large Blend","Large Blend","Large Blend","Large Blend","Large Blend","Large Blend","Large Blend","Large Blend","100.214881","95.597941","99.168075","97.893971","103.113045","97.887312","","",""
"Russell Inv Continental Eurp Eq I","IE0031277357","Europe Excluding UK","28843.703170","145.232000","Large Blend","Large Blend","Large Blend","Large Blend","Large Blend","Large Blend","Large Blend","Large Blend","","Large Blend","","Large Blend","100.138087","98.656001","100.485776","93.026791","87.701461","81.740306","","",""
"Montanaro European Income £ Inc","IE00B3Q8KY24","Europe Excluding UK","2599.233490","216.296000","Mid Growth","Mid Growth","Mid Growth","Mid Growth","Mid Growth","Mid Growth","Mid Growth","Mid Growth","Mid Growth","Mid Growth","Mid Growth","Mid Growth","100.110842","103.339341","100.797696","115.705161","85.735567","122.569563","","",""
"Royal London Europe ex UK Eq Tilt Z Acc","GB00B8HF4Y56","Europe Excluding UK","41143.398160","155.221000","Large Blend","Large Blend","Large Blend","Large Blend","Large Blend","Large Blend","Large Blend","Large Blend","Large Blend","Large Blend","Large Blend","Large Blend","99.737683","96.719470","98.913986","98.644927","102.047893","98.553446","","",""
"Lazard European Alpha C Acc","GB00B7WP6581","Europe Excluding UK","36071.494630","161.805000","Large Blend","Large Blend","Large Blend","Large Blend","Large Blend","Large Blend","Large Blend","Large Blend","Large Blend","","Large Blend","Large Blend","99.711735","102.690767","97.644539","100.268490","101.769826","91.560748","","",""
"Invesco European Focus (UK) Z Acc","GB00B8N44N55","Europe Excluding UK","33566.510230","91.895000","Large Value","Large Value","Large Value","Large Value","Large Value","Large Value","Large Value","Large Value","Large Value","Large Value","Large Value","Large Value","99.655690","92.196455","117.127129","85.928940","118.822385","89.598867","","",""
"L&G European Index I Acc","GB00B0CNGR59","Europe Excluding UK","41206.626990","153.150000","Large Blend","Large Blend","Large Blend","Large Blend","Large Blend","Large Blend","Large Blend","Large Blend","Large Blend","","Large Blend","Large Blend","99.309158","96.074612","98.573877","97.575269","102.384872","94.308178","","",""
"HL Multi-Manager European A Acc","GB00BSD99K23","Europe Excluding UK","25625.358730","163.335000","Large Growth","Large Blend","Large Blend","Large Blend","Large Blend","Large Blend","Large Blend","Large Blend","Large Blend","","Large Blend","Large Blend","99.201166","99.016399","96.067546","107.599389","87.989207","90.369659","","",""
"Janus Henderson European Sel Opps I Acc","GB0032473653","Europe Excluding UK","46537.830360","146.946000","Large Blend","Large Blend","Large Blend","Large Blend","Large Blend","Large Blend","Large Blend","Large Blend","Large Blend","Large Blend","Large Blend","Large Blend","99.125393","89.087591","98.798188","89.233910","103.427304","85.578139","","",""
"Vanguard €z Stk Idx € Acc","IE0008248803","Europe Excluding UK","49497.920020","137.926000","Large Blend","Large Blend","Large Blend","Large Blend","Large Blend","Large Blend","Large Blend","Large Blend","Large Blend","Large Blend","Large Blend","Large Blend","99.045273","100.987729","99.298119","101.290313","100.107027","93.824535","","",""
"T. Rowe Price Cont Eurp Eq CAccGBP","GB00BD3RT239","Europe Excluding UK","19712.252680","228.439000","Large Growth","Large Growth","Large Growth","Large Growth","Large Growth","Large Growth","Large Blend","Large Growth","Large Growth","Large Growth","Large Growth","Large Growth","98.765062","91.377252","97.139722","100.908737","98.784043","108.766351","","",""
"abrdn Europe (ex-UK) Sus Eq X Acc GBP","LU0837975415","Europe Excluding UK","44050.658260","274.097000","Large Growth","Large Growth","Large Growth","Large Growth","Large Growth","Large Growth","Large Growth","Large Growth","Large Growth","Large Growth","Large Growth","Large Growth","98.663644","91.628169","89.873819","105.237053","94.646713","126.425701","","",""
"Fidelity Sust European Equity W Acc","GB00B8287518","Europe Excluding UK","45216.175930","229.711000","Large Growth","Large Growth","Large Growth","Large Growth","Large Growth","Large Growth","Large Growth","Large Growth","Large Growth","Large Growth","Large Growth","Large Growth","98.585161","111.601830","98.302215","113.828834","111.812663","121.250351","","",""
"TM CRUX European I GBP Acc","GB00BYQJX435","Europe Excluding UK","33339.160990","206.038000","Large Growth","Large Blend","Large Blend","Large Blend","Large Blend","Large Blend","Large Growth","Large Growth","Large Growth","Large Growth","Large Growth","","98.463703","106.040707","100.285869","109.566201","101.175044","104.491137","","",""
"Lazard European Equity C Acc GBP","IE00B90M4T57","Europe Excluding UK","40800.361560","169.744000","Large Blend","Large Blend","Large Blend","Large Blend","Large Blend","Large Blend","Large Blend","Large Blend","Large Blend","Large Blend","Large Blend","","98.412641","101.668366","97.289153","102.555866","102.895595","99.359775","","",""
"Waverton European Capital Gr F GBP H Inc","IE00BF5KTK28","Europe Excluding UK","23162.619630","170.401000","Large Blend","Large Blend","Large Blend","Large Blend","Large Blend","Large Blend","Large Blend","Large Blend","Large Blend","Large Blend","Large Blend","","98.408904","86.373702","99.972988","87.139974","111.898276","91.262608","","",""
"abrdn Europe ex UK Equity I Acc","GB00B0LG6P37","Europe Excluding UK","37983.894050","274.774000","Large Growth","Large Growth","Large Growth","Large Growth","Large Growth","Large Growth","Large Growth","Large Growth","Large Growth","Large Growth","Large Growth","Large Growth","98.341442","91.172138","89.237563","105.231256","91.576054","127.739081","","",""
"Man GLG Eurp Alpha Inc Profl Acc CH GBPH","GB00BD9G3L18","Europe Excluding UK","31443.945510","105.622000","Large Value","Large Value","Large Value","Large Value","Large Value","Large Blend","","","","","","","98.320164","102.876166","94.538752","102.620246","101.651385","104.603772","","",""
"Quilter Inv Eurp ex UK Eq Inc U2 GBP Acc","GB00BD4HJ668","Europe Excluding UK","16181.458270","16.186000","Large Value","Large Value","Large Value","Large Value","Large Value","Large Value","Large Value","Large Value","Large Value","Large Value","Large Value","Large Value","98.294878","106.560768","102.495327","83.804877","107.711698","56.339544","","",""
"Guinness European Equity Income Y £ Inc","IE00BYVHWJ06","Europe Excluding UK","22548.174480","128.546000","Large Blend","Large Blend","Large Blend","Large Blend","","","Large Blend","Large Blend","Large Blend","Large Blend","Large Blend","Large Blend","98.271808","95.798927","98.233372","102.906602","87.249638","81.017642","","",""
"abrdn Lothian European Trust","GB0008395948","Europe Excluding UK","60917.635990","182.693000","Large Blend","Large Blend","Large Blend","Large Blend","Large Blend","Large Blend","Large Blend","Large Blend","Large Blend","Large Blend","Large Blend","Large Blend","98.222586","97.999467","95.919644","93.329588","100.635882","91.157316","","",""
"Artemis European Sustainable Gr I Acc","GB00B6WFCR53","Europe Excluding UK","24345.831450","259.144000","Large Growth","Large Growth","Large Growth","Large Growth","Large Growth","Large Growth","Large Growth","Large Growth","Large Growth","Large Growth","Large Growth","Large Growth","98.044180","112.176693","97.636426","114.736688","105.482958","108.796031","","",""
"M&G European Index Tracker GBP A Acc","GB0030929300","Europe Excluding UK","47089.165990","152.306000","Large Blend","Large Blend","Large Blend","Large Blend","Large Blend","Large Blend","Large Blend","Large Blend","Large Blend","Large Blend","Large Blend","Large Blend","97.711579","96.052386","97.638165","98.128705","102.535169","95.701855","","",""
"Schroder European Alpha Plus Z Acc","GB00B7LDKR32","Europe Excluding UK","11440.418560","198.741000","Mid Growth","Mid Growth","Mid Growth","Mid Growth","Mid Growth","Mid Blend","Mid Blend","Mid Blend","Mid Blend","Mid Blend","Mid Blend","Mid Blend","97.666668","130.586793","101.507832","122.097878","103.445993","123.343140","","",""
"GlobalAccess Eurp ex-UK Alpha Z Acc EUR","IE00B29M3G77","Europe Excluding UK","40643.440840","165.149000","Large Blend","Large Blend","Large Blend","Large Blend","Large Blend","Large Blend","Large Blend","Large Blend","Large Blend","Large Blend","Large Blend","Large Blend","97.215921","100.034330","98.406377","103.316468","91.332048","101.147014","","",""
"Jupiter European I Acc","GB00B5STJW84","Europe Excluding UK","30968.363040","255.629000","Large Growth","Large Growth","Large Growth","Large Growth","Large Growth","Large Growth","Large Growth","Large Growth","Large Growth","Large Growth","Large Growth","","97.054283","89.266186","91.413991","102.645246","102.519237","119.631038","","",""
"Europe Ex UK Equities A","GB0002789047","Europe Excluding UK","62757.767760","163.356000","Large Blend","Large Blend","Large Blend","Large Blend","Large Blend","Large Blend","Large Blend","Large Blend","Large Blend","Large Blend","Large Blend","Large Blend","96.912334","95.912568","98.967733","95.835080","95.019890","81.051013","","",""
"Halifax European C","GB0031810764","Europe Excluding UK","46528.720260","120.914000","Large Value","Large Value","Large Value","Large Value","Large Value","Large Blend","Large Blend","Large Blend","Large Blend","","","","96.839734","100.414103","95.902814","101.296527","97.290246","99.233306","","",""
"EdenTree Responsible & Sust Eurp Eq B","GB0008448333","Europe Excluding UK","13527.727220","55.556000","Large Value","Large Value","Large Value","Large Value","Large Value","Large Value","Large Value","Large Value","Large Value","Large Value","Mid Value","Large Value","96.726686","91.584574","98.575363","82.765171","99.734710","71.008994","","",""
"Janus Henderson European Gr I Acc","GB0030617699","Europe Excluding UK","24403.222030","183.319000","Large Blend","Large Blend","Large Blend","Large Blend","Large Blend","Large Blend","Large Blend","Large Blend","Large Blend","Large Blend","Large Blend","Large Blend","96.366022","95.594557","97.995031","89.396727","101.304808","83.110208","","",""
"LF Canlife European C Acc","GB00BKRC1492","Europe Excluding UK","58127.877340","155.196000","Large Blend","Large Blend","Large Blend","Large Blend","Large Blend","Large Blend","Large Blend","Large Blend","Large Blend","Large Blend","Large Blend","Large Blend","95.664594","97.523421","97.170465","99.427390","101.335003","93.441194","","",""
"MFS Meridian Continen Eurp Eq W1 EUR","LU0944407773","Europe Excluding UK","55871.458200","193.673000","Large Blend","Large Blend","Large Blend","Large Blend","Large Blend","Large Growth","Large Growth","Large Growth","Large Blend","Large Blend","Large Blend","","95.582912","80.804204","93.914590","88.702375","87.206532","82.286452","","",""
"Vanguard FTSE Dev €pe ex-UK Eq Idx £ Acc","GB00B5B71H80","Europe Excluding UK","42773.613080","152.084000","Large Blend","Large Blend","Large Blend","Large Blend","Large Blend","Large Blend","Large Blend","Large Blend","Large Blend","Large Blend","Large Blend","Large Blend","95.582341","91.473863","95.368705","94.914327","89.531627","89.796965","","",""
"abrdn Europe ex UK Income Equity P1 Acc","GB00B7LG0W70","Europe Excluding UK","51006.057880","157.086000","Large Blend","","Large Blend","Large Blend","Large Blend","Large Blend","Large Blend","Large Blend","Large Blend","Large Blend","Large Blend","Large Blend","95.113550","92.535140","94.549554","89.025175","99.021887","73.258527","","",""
"Stt Strt AUTEurpExUKScrn(exCont&CW)IdxEq","GB00B0FR9V92","Europe Excluding UK","43006.931130","154.409000","Large Blend","Large Blend","Large Blend","Large Blend","Large Blend","Large Blend","Large Blend","Large Blend","Large Blend","Large Blend","Large Blend","Large Blend","94.917528","90.014335","94.788063","93.143831","88.593185","87.720962","","",""
"Fidelity European W Acc","GB00BFRT3504","Europe Excluding UK","54792.054250","215.915000","Large Growth","Large Blend","Large Blend","Large Blend","Large Growth","Large Growth","Large Growth","Large Growth","Large Growth","Large Blend","Large Growth","Large Growth","94.735003","74.198755","91.066513","79.098552","91.735791","64.280673","","",""
"T. Rowe Price Cont Eurp Eq Q GBP","LU0938199691","Europe Excluding UK","29063.508740","229.650000","Large Growth","Large Growth","Large Growth","Large Blend","Large Growth","Large Growth","Large Blend","Large Growth","Large Growth","Large Blend","Large Growth","Large Growth","94.573420","87.585437","93.979615","95.038222","92.156911","104.676025","","",""
"Jupiter European Special Sits I Acc","GB00B60WTT90","Europe Excluding UK","35414.177760","267.407000","Large Growth","Large Growth","Large Growth","Large Growth","Large Growth","Large Growth","Large Growth","Large Growth","Large Growth","Large Growth","Large Growth","","94.562773","109.997247","96.050640","120.917748","106.177740","136.605303","","",""
"MGTS AFH DA European Equity I GBP Acc","GB00BYXG9Q15","Europe Excluding UK","25020.719740","164.102000","Large Blend","Large Blend","Large Blend","Large Blend","Large Blend","Large Blend","Large Blend","Large Blend","Large Blend","Large Blend","Large Blend","Large Blend","94.455888","104.065170","97.474592","88.133282","99.284551","73.858260","","",""
"Scottish Widows European Gr A","GB0031610909","Europe Excluding UK","49586.226950","138.564000","Large Value","Large Value","Large Value","Large Value","Large Value","Large Blend","Large Blend","Large Blend","Large Blend","Large Blend","Large Blend","Large Blend","94.456534","97.027427","90.698187","93.043241","86.249292","89.766154","","",""
"Aviva Investors Contnn Eurp Eq 2 GBP Acc","GB0004461322","Europe Excluding UK","49353.070300","192.780000","Large Blend","Large Blend","Large Blend","Large Blend","Large Blend","Large Blend","Large Blend","Large Blend","Large Blend","Large Blend","Large Blend","Large Blend","94.235533","111.671964","93.709536","104.713952","92.107465","115.636864","","",""
"HSBC GIF Euroland Value AD","LU0165074740","Europe Excluding UK","27797.630100","45.341000","Large Value","Large Value","Large Value","Large Value","Large Value","Large Value","Large Value","Large Value","Large Value","Large Value","Large Value","","93.947949","107.346975","97.411196","99.531839","87.502096","79.313669","","",""
"Invesco European Equity Inc UK Z Acc","GB00B8N44L32","Europe Excluding UK","37586.772500","82.070000","Large Value","Large Value","Large Value","Large Value","Large Value","Large Value","Large Value","Large Value","Large Value","Large Value","Large Value","Large Value","93.912770","101.714542","98.972503","91.388362","99.085885","84.853821","","",""
"TM CRUX European Special Sit I Inc GBP","GB00BTJRPZ43","Europe Excluding UK","18713.306920","140.820000","Large Blend","Large Blend","Large Blend","Large Blend","Large Blend","Large Blend","Large Blend","Large Blend","Large Blend","Large Blend","Large Blend","","93.091576","104.902373","92.393185","105.925990","90.562216","91.381026","","",""
"HSBC GIF Euroland Value ADHUSD","LU1193295406","Europe Excluding UK","27797.630100","45.341000","Large Value","Large Value","Large Value","Large Value","Large Value","Large Value","Large Value","Large Value","Large Value","Large Value","Large Value","","92.019707","84.758619","88.586180","78.047710","91.349721","62.784899","","",""
"CT Select European Equity 2 Acc","GB00B4Q7SF31","Europe Excluding UK","24016.225390","250.403000","Large Growth","Large Growth","Large Growth","Large Growth","Large Growth","Large Growth","Large Growth","Large Growth","Large Growth","Large Growth","Large Growth","","91.937973","101.522422","87.672551","103.268465","98.156019","109.364372","","",""
"BNY Mellon Sust Eurp Opports Inst W Acc","GB00B4Q5KM81","Europe Excluding UK","46586.423210","186.993000","Large Blend","Large Blend","Large Blend","Large Blend","Large Blend","Large Blend","","Large Blend","Large Blend","Large Blend","Large Blend","Large Blend","91.473947","86.579798","90.598813","91.741220","85.061205","68.035801","","",""
"BlackRock Continental Eurp Inc A H Acc","GB00BWG06Q53","Europe Excluding UK","40666.366370","149.959000","Large Blend","Large Blend","Large Blend","Large Blend","Large Blend","Large Blend","Large Blend","Large Blend","Large Blend","Large Blend","Large Blend","Large Blend","91.454289","83.054887","93.817753","101.708567","97.021540","108.016884","","",""
"AB Eurozone Eq I EUR","LU0528103707","Europe Excluding UK","27443.453090","91.445000","Large Value","Large Value","Large Value","Large Value","Large Value","Large Value","Large Value","Large Value","Large Value","Large Value","Large Value","Large Value","91.345989","102.564384","92.540135","103.584811","81.009323","80.514103","","",""
"Schroder European Sust Eq Z Acc","GB00B6S00Y77","Europe Excluding UK","23564.341460","159.085000","Large Blend","Large Blend","Large Blend","Large Blend","Large Blend","Large Blend","Large Blend","Large Blend","Large Blend","Large Blend","Large Blend","Large Blend","90.736142","129.978584","92.033007","119.497960","91.401100","95.131564","","",""
"JOHCM Continental European A USD Hdg Inc","IE00BJ4G0G26","Europe Excluding UK","49976.772920","164.848000","Large Blend","Large Blend","Large Value","Large Value","Large Blend","Large Blend","Large Blend","Large Blend","Large Blend","Large Blend","Large Blend","Large Blend","90.619552","69.973694","90.677954","71.624990","92.711997","61.517083","","",""
"Waverton European Capital Gr R GBP Inc","IE00BF5KTF74","Europe Excluding UK","23162.619630","170.401000","Large Blend","Large Blend","Large Blend","Large Blend","Large Blend","Large Blend","Large Blend","Large Blend","Large Blend","Large Blend","Large Blend","","90.600952","82.081668","92.831562","78.522175","100.954979","66.388079","","",""
"Man GLG Eurp Alpha Inc Profl Acc C","GB00BD9G3K01","Europe Excluding UK","31443.945510","105.622000","Large Value","Large Value","Large Value","Large Value","Large Value","Large Blend","","","","","","","90.306522","95.747709","88.657392","90.197205","88.749024","67.914925","","",""
"GAM Star Continental Eurp Eq Instl H$Acc","IE00BYV2NQ96","Europe Excluding UK","48084.171810","192.752000","Large Growth","Large Growth","Large Growth","Large Blend","Large Blend","Large Blend","Large Growth","Large Growth","Large Blend","Large Blend","Large Blend","Large Blend","89.325739","66.716849","84.354877","62.849979","80.523304","62.034040","","",""
"GlobalAccess Eurp ex-UK Alpha A Acc USDH","IE00B5M9DN37","Europe Excluding UK","40643.440840","165.149000","Large Blend","Large Blend","Large Blend","Large Blend","Large Blend","Large Blend","Large Blend","Large Blend","Large Blend","Large Blend","Large Blend","Large Blend","88.075983","69.608935","84.295797","72.612622","81.540370","65.838502","","",""
"BlackRock Continental Eurp Inc D Acc","GB00B3S9LG25","Europe Excluding UK","40666.366370","149.959000","Large Blend","Large Blend","Large Blend","Large Blend","Large Blend","Large Blend","Large Blend","Large Blend","Large Blend","Large Blend","Large Blend","Large Blend","86.943031","76.425074","90.036127","89.707681","87.082176","70.533851","","",""
"Waverton European Dividend Gr L GBP Inc","IE00BF5KV402","Europe Excluding UK","15125.107830","112.321000","Large Blend","Large Blend","Large Blend","Large Blend","Large Blend","Large Blend","Large Blend","Large Blend","Large Blend","Large Blend","Large Blend","","86.631051","78.352854","89.371164","73.942162","95.171937","36.827742","","",""
"CT European Select Ins Acc USD H","GB00BT6SPZ01","Europe Excluding UK","46058.176770","241.941000","Large Growth","Large Growth","Large Growth","Large Growth","Large Growth","Large Growth","Large Growth","Large Growth","Large Growth","Large Growth","Large Growth","Large Growth","84.121641","60.197874","81.832316","72.276646","101.932840","80.621934","","",""
"Polar Cptl Eurp Ex UK Inc I GBP Hdg Acc","IE00BWX5D519","Europe Excluding UK","35865.783950","84.039000","Large Value","Large Value","Large Value","Large Value","Large Value","Large Value","Large Value","Large Value","Large Value","Large Value","Large Value","","83.463185","74.606455","82.327292","78.750656","73.591171","49.658586","","",""
"T. Rowe Price Cont Eurp Eq Qh USD","LU1225514311","Europe Excluding UK","29063.508740","229.650000","Large Growth","Large Growth","Large Growth","Large Blend","Large Growth","Large Growth","Large Blend","Large Growth","Large Growth","Large Blend","Large Growth","Large Growth","81.811419","59.557135","75.698396","63.334661","79.181213","65.380161","","",""
"VT Argonaut European Income Opp R Acc","GB00BDSFHH38","Europe Excluding UK","6035.960890","106.823000","","","","","","","","","","","","","78.380133","73.742559","79.059822","62.333409","92.866974","56.255194","","",""
"Polar Cptl Eurp Ex UK Inc I GBP Acc","IE00BWX5D394","Europe Excluding UK","35865.783950","84.039000","Large Value","Large Value","Large Value","Large Value","Large Value","Large Value","Large Value","Large Value","Large Value","Large Value","Large Value","","71.607474","65.305353","72.674995","63.864171","58.573523","11.434796","","",""
"VT Argonaut European Alpha I GBP H Acc","GB00BVYPB156","Europe Excluding UK","14060.234950","127.379000","","","","","","","","","","","","","64.870535","84.245052","60.025875","80.829716","75.962762","97.895755","","",""
"VT Argonaut European Alpha R GBP Acc","GB00B7MW8T72","Europe Excluding UK","14060.234950","127.379000","","","","","","","","","","","","","60.241685","85.188083","55.980023","77.128913","63.773668","69.369084","","",""
"AB Eurozone Eq I GBP H","LU1877329646","Europe Excluding UK","27443.453090","91.445000","Large Value","Large Value","Large Value","Large Value","Large Value","Large Value","Large Value","Large Value","Large Value","Large Value","Large Value","Large Value","","","","","103.419675","123.308629","","",""
"abrdn European Equity Tracker B Acc","GB00BGMK1394","Europe Excluding UK","46864.323240","151.180000","Large Blend","Large Blend","Large Blend","Large Blend","Large Blend","Large Blend","Large Blend","Large Blend","Large Blend","Large Blend","Large Blend","Large Blend","","","98.266221","97.069663","102.515379","95.380466","","",""
"CT European Institutional X Grs Acc GBPH","GB00BKTLLW27","Europe Excluding UK","64171.788520","178.405000","Large Blend","Large Blend","Large Blend","Large Blend","Large Growth","Large Growth","Large Blend","Large Blend","Large Blend","Large Blend","Large Blend","Large Blend","","","114.735868","110.848064","137.973295","149.760166","","",""
"ES AllianceBernst Europe Ex UK I GBP Acc","GB00BJMHLK84","Europe Excluding UK","21688.818660","104.013000","Large Blend","Large Blend","Large Blend","Large Value","Large Value","Large Value","Large Value","Large Value","Large Value","Large Value","Large Value","Large Blend","","","95.642429","101.044606","95.325864","80.564756","","",""
"ES R&M European B GBP Inc","GB00BMX64P13","Europe Excluding UK","12927.741160","200.001000","Large Blend","Mid Blend","Mid Blend","Large Blend","Large Blend","Large Blend","Large Blend","Large Blend","Large Blend","Large Blend","Large Blend","Large Growth","","","","","118.424743","87.263891","","",""
"Fisher Invmt Instll Eurp Eq EUR Acc","IE00BZ4STW90","Europe Excluding UK","65501.331790","200.428000","Large Growth","Large Blend","Large Blend","Large Blend","Large Growth","Large Growth","Large Growth","Large Growth","Large Blend","Large Blend","Large Blend","Large Growth","","","","","90.734695","92.503224","","",""
"FP Carmignac European Leaders A GBP Acc","GB00BJHPHZ49","Europe Excluding UK","35787.950140","267.636000","Large Growth","Large Growth","Large Growth","Large Growth","Large Growth","Large Growth","Large Growth","Large Growth","Large Growth","Large Growth","Large Growth","Large Growth","","","100.571587","100.141187","101.280254","110.254576","","",""
"HSBC Europe Ex-UK Equity Acc C","GB00BNYFWD82","Europe Excluding UK","57188.387960","239.480000","Large Growth","Large Growth","Large Growth","Large Growth","Large Growth","Large Growth","Large Growth","Large Growth","Large Growth","","","","","","","","107.756594","119.838385","","",""
"IFSL Avellemy European Equity A GBP Acc","GB00BNDMD820","Europe Excluding UK","26093.800990","178.362000","Large Blend","Large Blend","Large Blend","Large Blend","Large Blend","Large Blend","Large Blend","Large Blend","Large Blend","Large Blend","Large Blend","Large Blend","","","","","97.949260","89.358136","","",""
"JPM Europe (ex-UK) Rsh Enh Idx Eq E Acc","GB00BKTF1F72","Europe Excluding UK","52698.412180","149.424000","Large Blend","Large Blend","Large Blend","Large Blend","Large Blend","Large Blend","Large Blend","Large Blend","Large Blend","Large Blend","Large Blend","Large Blend","","","100.323118","97.747285","105.863783","92.791302","","",""
"JPM Europe Dynamic (ex-UK)B GBPH Net Acc","GB00BJ4T0B60","Europe Excluding UK","26270.759420","125.153000","Large Blend","Large Blend","Large Blend","Large Blend","Large Blend","Large Blend","Large Blend","Large Blend","Large Blend","Large Blend","Large Blend","Large Blend","","","107.130815","108.650270","107.912739","114.042083","","",""
"L&G Fut Wld ESG Eurp Ex UK Idx I GBP Acc","GB00BL694050","Europe Excluding UK","52602.225100","162.142000","Large Blend","Large Blend","Large Blend","Large Blend","Large Blend","Large Blend","Large Blend","Large Blend","Large Blend","","Large Blend","Large Blend","","","","","101.076734","94.531269","","",""
"LF Lightman European R Acc","GB00BGPFJN79","Europe Excluding UK","16438.496470","52.650000","Large Value","Large Value","Large Value","Large Value","Large Value","Large Value","Mid Value","Large Value","Large Value","","Large Value","","","","108.838582","79.218617","89.700438","37.477811","","",""
"LF Montanaro European Income A GBP Acc","GB00BJRCFY03","Europe Excluding UK","2652.052480","215.260000","Mid Growth","Mid Growth","Mid Growth","Mid Growth","Mid Growth","Mid Growth","Mid Growth","Mid Growth","Mid Growth","Mid Growth","Mid Growth","Mid Growth","","","104.909677","121.282508","91.513458","123.399107","","",""
"Liontrust European Dynamic R Inc Hedged","GB00BMC77783","Europe Excluding UK","24083.720090","98.791000","Large Value","Large Value","Large Value","Large Value","Large Value","Large Value","Large Value","Large Value","Large Value","Large Value","Large Value","Large Value","","","","","125.013352","125.655094","","",""
"MI Chelverton European Select B Acc","GB00BFNL2P39","Europe Excluding UK","969.384390","201.558000","Small Blend","Small Blend","Small Blend","Small Blend","Small Blend","Small Blend","Small Blend","Small Blend","Small Blend","Small Blend","Small Blend","Small Growth","","","118.813125","105.223514","103.430068","99.195716","","",""
"Premier Miton European Eq Inc C GBP Inc","GB00BNKCJD21","Europe Excluding UK","23943.236960","165.705000","Large Blend","Large Blend","Large Blend","Large Blend","Large Blend","Large Blend","Large Blend","Large Blend","Large Blend","","Large Blend","Large Blend","","","","","83.168119","90.096987","","",""
"Premier Miton European Sust Ldrs C £ Acc","GB00BNG47Z05","Europe Excluding UK","3471.032480","313.832000","Mid Growth","Mid Growth","Mid Growth","Mid Growth","Mid Growth","Mid Growth","Mid Growth","Mid Growth","Mid Growth","","Mid Growth","Mid Growth","","","","","89.636203","166.564151","","",""
"River&Mercantile Eur Ch Fr Bt S1 GBP Acc","IE0009RTSY66","Europe Excluding UK","8226.029300","187.313000","","","","Mid Blend","Mid Blend","Mid Blend","Mid Blend","Mid Blend","Mid Blend","Mid Blend","","Mid Blend","","","","","","","","",""
"Stewart Inv Eurp ex UK Sstby B GBP Acc","GB00BMDVCC91","Europe Excluding UK","8971.423390","242.565000","","Mid Growth","Mid Growth","Mid Growth","Mid Growth","Mid Growth","Mid Growth","Mid Growth","Mid Growth","Mid Growth","Mid Growth","Mid Growth","","","","","88.387997","124.715961","","",""
"SVS Aubrey Europe Ex-UK A EUR Acc","GB00BNDMHG84","Europe Excluding UK","2695.819200","313.783000","","Mid Growth","Mid Growth","Mid Growth","Mid Growth","Mid Growth","Mid Growth","Mid Growth","Mid Growth","Mid Growth","Mid Growth","","","","","","","","","",""
"SVS Dowgate Wealth European Growth F Acc","GB00BN6R8X44","Europe Excluding UK","1295.654850","208.509000","","","","Small Growth","Small Growth","Small Growth","Small Growth","Small Growth","Small Growth","Small Growth","Small Growth","","","","","","","","","",""
"TB Guinness European Eq Inc Y GBP Acc","GB00BP5J6M04","Europe Excluding UK","18570.734700","126.716000","","","","","","","","","","","","Large Blend","","","","","","","","",""
"TM CRUX European Special Sit I H Inc GBP","GB00BD446X30","Europe Excluding UK","18713.306920","140.820000","Large Blend","Large Blend","Large Blend","Large Blend","Large Blend","Large Blend","Large Blend","Large Blend","Large Blend","Large Blend","Large Blend","","","","","","","","","",""
"VT Downing Eurp Unconst Income A GBP Acc","GB00BLF7YL10","Europe Excluding UK","4330.520280","176.614000","Mid Blend","Mid Blend","Mid Blend","Mid Blend","Mid Blend","Mid Blend","Mid Blend","Mid Blend","Mid Blend","Mid Blend","Mid Blend","Mid Blend","","","","","85.592859","105.313633","","",""
"Waverton European Dividend Gr F GBPH Inc","IE00BF5KVB74","Europe Excluding UK","15125.107830","112.321000","Large Blend","Large Blend","Large Blend","Large Blend","Large Blend","Large Blend","Large Blend","Large Blend","Large Blend","Large Blend","Large Blend","","","","","","","","","",""
"","","","","","","","","","","","","","","","","","","","","","","","","",""
"European Smaller Companies","","","","","","","","","","","","","","","","","","","","","","","","",""
"abrdn European Smaller Companies I Acc","GB00B0XWN580","European Smaller Companies","2757.898720","262.193000","Mid Growth","Mid Growth","Mid Growth","Mid Growth","Mid Growth","Mid Growth","Mid Growth","Mid Growth","Mid Growth","Mid Growth","Mid Growth","Mid Growth","121.772497","103.775124","112.074365","110.509321","126.677757","115.848688","","",""
"abrdnII-Eu SmlCo D Acc HDG GBP","LU1184045307","European Smaller Companies","3074.089380","238.266000","Mid Growth","Mid Growth","Mid Growth","Mid Growth","Mid Growth","Mid Growth","Mid Growth","Mid Growth","Mid Growth","Mid Growth","Mid Growth","Mid Growth","121.505057","113.853995","117.141509","130.169640","128.376839","153.421942","","",""
"abrdnII-Eu SmlCo D Acc EUR","LU0306632687","European Smaller Companies","3074.089380","238.266000","Mid Growth","Mid Growth","Mid Growth","Mid Growth","Mid Growth","Mid Growth","Mid Growth","Mid Growth","Mid Growth","Mid Growth","Mid Growth","Mid Growth","111.991985","106.673787","107.886452","115.978935","112.934678","123.687404","","",""
"Janus Henderson European Smr Coms I Acc","GB0007476426","European Smaller Companies","900.771720","176.175000","Small Blend","Small Blend","Small Blend","Small Blend","Small Blend","Small Blend","Small Blend","Small Blend","Small Blend","Small Blend","Small Blend","Small Blend","111.503302","95.313433","112.604838","89.676348","113.358217","85.741292","","",""
"abrdn Europe ex UK Smaller Comp P1 Acc","GB00BYMMJ932","European Smaller Companies","3026.852570","253.863000","Mid Growth","","Mid Growth","Mid Growth","Mid Growth","Mid Growth","Mid Growth","Mid Growth","Mid Growth","Mid Growth","Mid Growth","Mid Growth","110.650494","104.976505","108.300605","105.111792","104.544043","105.111333","","",""
"JPM Europe Smaller Companies C Acc","GB00B5SDTW07","European Smaller Companies","3543.795030","154.921000","Mid Blend","Mid Blend","Mid Blend","Mid Blend","Mid Growth","Mid Blend","Mid Blend","Mid Blend","Mid Blend","Mid Blend","Mid Blend","","108.775672","108.523147","113.688252","114.524089","110.862583","101.305038","","",""
"Mirabaud-Discovery Eur ex UK D H GBP Acc","LU1308315248","European Smaller Companies","977.009540","224.611000","Small Growth","","","Small Growth","","","Small Growth","","","","","","108.008659","99.155263","110.864007","107.004720","92.925794","114.261722","","",""
"Schroder European Sm Cos Z Acc","GB00B76V5M20","European Smaller Companies","2668.186480","246.927000","Mid Growth","Mid Growth","Mid Growth","Mid Growth","Mid Growth","Mid Growth","Mid Growth","Mid Growth","Mid Growth","Mid Growth","Mid Growth","Mid Growth","104.652883","113.238035","103.943383","105.316977","102.209521","105.049853","","",""
"JPM Europe Small Cap A (dist) GBP","LU0119093531","European Smaller Companies","2484.895710","158.489000","Mid Blend","Mid Blend","Mid Blend","Mid Blend","Mid Blend","Mid Blend","Mid Blend","Mid Blend","Mid Blend","Mid Blend","Small Blend","","104.294857","116.082120","107.191636","121.129011","98.165959","111.128781","","",""
"Allianz Europe Small Cap Equity RT EUR","LU1363155109","European Smaller Companies","3632.834000","185.144000","Mid Blend","Mid Blend","Mid Blend","Mid Blend","Mid Blend","Mid Blend","Mid Blend","Mid Blend","Mid Blend","Mid Blend","Mid Blend","","103.577547","111.496013","96.489771","109.237778","112.326629","113.184481","","",""
"JPM Europe Dynamic Sm Cp A perf(dist)EUR","LU0210073408","European Smaller Companies","3778.625410","156.894000","Mid Blend","Mid Blend","Mid Blend","Mid Blend","Mid Blend","Mid Blend","Mid Blend","Mid Blend","Mid Blend","Mid Blend","Mid Blend","Mid Blend","103.491923","114.718372","103.679879","119.673077","94.046844","108.002740","","",""
"Wellington Pan Eurp Sm Cp Eq GBP N Ac","IE00BH45FF96","European Smaller Companies","2914.590820","198.302000","Mid Growth","Mid Growth","Mid Growth","Mid Growth","Mid Growth","Mid Growth","Mid Growth","Mid Growth","Mid Growth","Mid Growth","Mid Blend","","103.455881","94.110533","95.439167","96.516977","102.583840","100.327093","","",""
"Jupiter Europe (ex UK) SmlComs I GBP Acc","IE00BRTNQ884","European Smaller Companies","3137.258310","275.602000","Mid Growth","Mid Growth","Mid Growth","Mid Growth","Mid Growth","Mid Growth","Mid Growth","Mid Growth","Mid Growth","Mid Growth","Mid Growth","","103.113605","121.988388","101.118445","114.473851","114.589378","112.202696","","",""
"LO Funds Cont Europe Family Ldrs EUR MD","LU1490633077","European Smaller Companies","1393.170210","233.801000","Small Growth","Small Growth","Small Growth","Small Growth","Small Growth","Small Growth","Small Growth","Small Growth","Small Growth","Small Growth","Small Growth","","102.178549","101.284772","103.425999","99.821985","93.277778","101.354946","","",""
"Mirabaud-Discovery Eur ex UK D GBP Acc","LU1308314605","European Smaller Companies","977.009540","224.611000","Small Growth","","","Small Growth","","","Small Growth","","","","","","100.611543","94.549155","103.287819","96.788952","83.028015","94.747600","","",""
"CT Eurpean Smaller Coms Z Acc GBP","GB00B84CYY92","European Smaller Companies","4294.731470","256.349000","Mid Growth","Mid Growth","Mid Growth","Mid Growth","Mid Growth","Mid Growth","Mid Growth","Mid Growth","Mid Growth","Mid Growth","Mid Growth","Mid Growth","100.426403","98.917736","95.191899","100.681772","121.183349","112.074627","","",""
"BNY Mellon Small Cap Euroland EUR A Acc","IE0003867441","European Smaller Companies","4184.929050","76.162000","Mid Value","Mid Value","Mid Value","Mid Value","Mid Value","Mid Value","Mid Value","Mid Value","Mid Value","Mid Value","Mid Value","Mid Value","99.941899","97.551047","96.565274","90.713278","115.635058","92.107216","","",""
"Lazard European Smaller Coms C Acc","GB00B88ZX473","European Smaller Companies","2397.528670","202.507000","Mid Blend","Mid Blend","Mid Blend","Mid Blend","Mid Blend","Mid Blend","Mid Growth","Mid Blend","Mid Blend","Mid Blend","Mid Growth","Mid Growth","98.790772","103.082274","97.331335","104.057167","93.164712","106.998568","","",""
"Fidelity European Smlr Coms Y-Acc-EUR","LU0346388456","European Smaller Companies","2223.143720","175.342000","Small Blend","Small Blend","Small Blend","Small Blend","Small Blend","Small Blend","Small Blend","Small Blend","Small Blend","Small Blend","Small Blend","Small Blend","97.864847","95.426172","97.619675","98.367257","96.170678","92.831829","","",""
"CT (Lux) European Smaller Coms R Acc EUR","LU0976192475","European Smaller Companies","2329.731500","218.680000","Mid Growth","Small Growth","Small Growth","Small Growth","Mid Growth","Small Growth","Small Growth","Small Growth","Small Growth","Small Growth","Small Growth","","96.351677","104.383714","99.389271","110.876348","95.523821","112.060079","","",""
"Invesco European Smlr Coms UK Z Acc","GB00B8N46C80","European Smaller Companies","1628.323300","173.461000","Small Growth","Small Blend","Small Blend","Small Blend","Small Blend","Small Blend","Small Blend","Small Blend","Small Blend","Small Blend","Small Blend","Small Blend","93.986653","91.658281","110.094100","83.934189","118.854376","89.085570","","",""
"Barings Europe Select I GBP Inc","GB00B7NB1W76","European Smaller Companies","4018.789240","161.026000","Mid Blend","Mid Blend","Mid Blend","Mid Blend","Mid Blend","Mid Blend","Mid Blend","Mid Blend","Mid Blend","Mid Blend","Mid Blend","Mid Blend","92.675573","90.771352","87.554377","92.849874","94.655210","83.581696","","",""
"Jupiter €ope (ex UK) SmlComs I $ H Acc","IE00BRTNQ660","European Smaller Companies","3137.258310","275.602000","Mid Growth","Mid Growth","Mid Growth","Mid Growth","Mid Growth","Mid Growth","Mid Growth","Mid Growth","Mid Growth","Mid Growth","Mid Growth","","91.739319","89.820914","82.839423","82.231525","98.537721","79.479986","","",""
"Allianz Europe Small Cap Eq AT H2 USD","LU1428086091","European Smaller Companies","3632.834000","185.144000","Mid Blend","Mid Blend","Mid Blend","Mid Blend","Mid Blend","Mid Blend","Mid Blend","Mid Blend","Mid Blend","Mid Blend","Mid Blend","","91.711700","84.557706","85.631305","87.933538","98.240572","83.469249","","",""
"Mirabaud - Discovery Europe D GBP Acc","LU1308311924","European Smaller Companies","728.073890","230.143000","Small Growth","","","Small Growth","","","Small Growth","","","","","","91.493577","97.244784","88.749004","91.600916","60.212643","97.146824","","",""
"T. Rowe Price Eurp Smlr Cm Eq Q GBP","LU1028171921","European Smaller Companies","2436.642290","226.559000","Mid Growth","Mid Growth","Mid Growth","Mid Growth","Mid Growth","Mid Growth","Mid Growth","Mid Growth","Mid Growth","Small Growth","Small Growth","Small Growth","89.854926","102.768513","93.324455","104.893975","83.858506","115.829661","","",""
"JPM Europe Small Cap A (acc) USDH","LU1273543592","European Smaller Companies","2484.895710","158.489000","Mid Blend","Mid Blend","Mid Blend","Mid Blend","Mid Blend","Mid Blend","Mid Blend","Mid Blend","Mid Blend","Mid Blend","Small Blend","","87.912064","81.554638","86.364654","85.778607","82.946748","73.281976","","",""
"MFS Meridian European Smlr Coms W1 EUR","LU0944408581","European Smaller Companies","3503.835080","203.251000","Mid Growth","Mid Growth","Mid Growth","Mid Growth","Mid Growth","Mid Growth","Mid Growth","Mid Growth","Mid Growth","Mid Growth","Mid Growth","","85.716834","80.335031","80.217221","88.371115","90.729941","87.154351","","",""
"MFS Meridian European Smlr Coms WH1 USD","LU1123736594","European Smaller Companies","3503.835080","203.251000","Mid Growth","Mid Growth","Mid Growth","Mid Growth","Mid Growth","Mid Growth","Mid Growth","Mid Growth","Mid Growth","Mid Growth","Mid Growth","","76.587702","58.007467","71.610929","69.243719","84.369717","65.691131","","",""
"Barings Europe Select A CNY Hdg Acc","GB00BPFJCW23","European Smaller Companies","4018.789240","161.026000","Mid Blend","Mid Blend","Mid Blend","Mid Blend","Mid Blend","Mid Blend","Mid Blend","Mid Blend","Mid Blend","Mid Blend","Mid Blend","Mid Blend","","","","","","","","",""
"Fidelity European Smlr Coms Y-ACC-USD H","LU2404868650","European Smaller Companies","2223.143720","175.342000","Small Blend","Small Blend","Small Blend","Small Blend","Small Blend","Small Blend","Small Blend","Small Blend","Small Blend","Small Blend","Small Blend","Small Blend","","","","","82.453816","65.136805","","",""
"JSS Sus Eq Euro Smlr Com C EUR Acc","LU1859216621","European Smaller Companies","2900.790130","172.417000","Mid Blend","Mid Blend","Mid Blend","Mid Blend","Mid Blend","Mid Blend","Mid Blend","Mid Blend","Mid Blend","Mid Blend","","","","","80.069989","89.018752","80.366410","87.700590","","",""
"Jupiter European Smaller Coms I GBP Acc","GB00BKYBZ471","European Smaller Companies","2894.128580","274.574000","Mid Growth","Mid Growth","Mid Growth","Mid Growth","Mid Growth","Mid Growth","Mid Growth","Mid Growth","Mid Growth","Mid Growth","Mid Growth","","","","103.639584","101.006790","112.198855","112.262835","","",""
"Lazard Pan-European Small Cap C Acc EUR","IE00BYQF5G74","European Smaller Companies","2665.416190","201.330000","Mid Blend","Mid Blend","Mid Blend","Mid Blend","Mid Blend","Mid Blend","Mid Growth","Mid Blend","Mid Blend","Mid Blend","Mid Growth","","","","95.474215","103.895847","91.853904","107.181994","","",""
"","","","","","","","","","","","","","","","","","","","","","","","","",""
"Europe Including UK","","","","","","","","","","","","","","","","","","","","","","","","",""
"M&G European Sustain Paris Aligned I Acc","GB00B5ZSNC68","Europe Including UK","23064.255140","231.844000","Large Blend","Large Blend","Large Growth","Large Growth","Large Growth","Large Growth","Large Growth","Large Growth","Large Growth","Large Growth","Large Growth","Large Growth","106.447785","106.294604","111.291058","105.223776","120.786949","74.697110","","",""
"","","","","","","","","","","","","","","","","","","","","","","","","",""
"Unclassified Sector","","","","","","","","","","","","","","","","","","","","","","","","",""
"Fidelity Europe ex UK W Acc","GB0003368353","Unclassified Sector","45073.143420","228.736000","Large Growth","Large Growth","Large Growth","Large Growth","Large Growth","Large Growth","Large Growth","Large Growth","Large Growth","Large Growth","Large Growth","Large Growth","109.386387","101.217234","110.739109","116.105721","127.814511","139.298142","","",""
"","","","","","","","","","","","","","","","","","","","","","","","","",""
"","","","","","","","","","","","","","","","","","","","","","","","","",""
"","","","","","","","","","","","","","","","","","","","","","","","","",""
